pay_stay_zone,street,between_street_1,between_street_2,street_segment_id
30001001,ARGYLE PLACE SOUTH,LYGON STREET,CARDIGAN STREET,20751
30001002,BARRY STREET,LEICESTER STREET,PELHAM STREET,20476
30001003,BARRY STREET,PELHAM STREET,LEICESTER STREET,20476
30001005,BARRY STREET,GRATTAN STREET,PELHAM STREET,20480
30001006,BARRY STREET,PELHAM STREET,GRATTAN STREET,20480
30001007,BARRY STREET,PELHAM STREET,LEICESTER STREET,20476
30001008,BARRY STREET,LEICESTER STREET,PELHAM STREET,20476
30001009,BERKELEY STREET,GRATTAN STREET,PELHAM STREET,20474
30001010,BERKELEY STREET,LEICESTER STREET,QUEENSBERRY STREET,20456
30001012,BERKELEY STREET,PELHAM STREET,QUEENSBERRY STREET,20472
30001014,BOUVERIE STREET,GRATTAN STREET,LINCOLN SQUARE NORTH,20468
30001015,BOUVERIE STREET,LINCOLN SQUARE SOUTH,PELHAM STREET,22503
30001016,BOUVERIE STREET,LINCOLN SQUARE NORTH,GRATTAN STREET,20468
30001015,BOUVERIE STREET,LINCOLN SQUARE NORTH,PELHAM STREET,22504
30001015,BOUVERIE STREET,QUEENSBERRY STREET,LINCOLN SQUARE SOUTH,20464
30001019,BOUVERIE STREET,QUEENSBERRY STREET,VICTORIA STREET,20462
30001020,BOUVERIE STREET,LINCOLN SQUARE SOUTH,QUEENSBERRY STREET,20464
30001021,BOUVERIE STREET,QUEENSBERRY STREET,LINCOLN SQUARE SOUTH,20464
30001022,BOUVERIE STREET,QUEENSBERRY STREET,VICTORIA STREET,20462
30001023,LEICESTER STREET,VICTORIA STREET,BERKELEY STREET,20453
30001023,LEICESTER STREET,BERKELEY STREET,QUEENSBERRY STREET,20455
30001024,BOUVERIE STREET,VICTORIA STREET,QUEENSBERRY STREET,20462
30001025,BOUVERIE STREET,VICTORIA STREET,QUEENSBERRY STREET,20462
30001026,BOUVERIE STREET,VICTORIA STREET,QUEENSBERRY STREET,20462
30001027,BOUVERIE STREET,QUEENSBERRY STREET,VICTORIA STREET,20462
30001028,CARDIGAN STREET,ARGYLE PLACE NORTH,GRATTAN STREET,20512
30001029,CARDIGAN STREET,GRATTAN STREET,ARGYLE PLACE NORTH,20512
30001030,CARDIGAN STREET,ARGYLE PLACE SOUTH,PELHAM STREET,20508
30001031,CARDIGAN STREET,PELHAM STREET,ARGYLE PLACE SOUTH,20508
30001031,CARDIGAN STREET,ARGYLE PLACE NORTH,PELHAM STREET,20509
30001033,CARDIGAN STREET,ARGYLE PLACE NORTH,PELHAM STREET,20509
30001034,CARDIGAN STREET,FARADAY STREET,GRATTAN STREET,20514
30001035,CARDIGAN STREET,QUEENSBERRY STREET,VICTORIA STREET,20504
30001036,CARDIGAN STREET,GRATTAN STREET,FARADAY STREET,20514
30001040,CARDIGAN STREET,ARGYLE PLACE SOUTH,QUEENSBERRY STREET,20506
30001041,CARDIGAN STREET,QUEENSBERRY STREET,ARGYLE PLACE SOUTH,20506
30001042,CARDIGAN STREET,VICTORIA STREET,QUEENSBERRY STREET,20504
30001043,CARDIGAN STREET,VICTORIA STREET,QUEENSBERRY STREET,20504
30001044,CEMETERY ROAD EAST,CARDIGAN STREET ,LYGON STREET,15514
30001044,CEMETERY ROAD EAST ,CARDIGAN STREET ,SWANSTON STREET,15500
30001045,FARADAY STREET,SWANSTON STREET,CARDIGAN STREET,20812
30001046,GRATTAN STREET,BOUVERIE STREET,LEICESTER STREET,20848
30001047,GRATTAN STREET,SWANSTON STREET,CARDIGAN STREET,22506
30001048,GRATTAN STREET,CARDIGAN STREET,LYGON STREET,20757
30001049,KAY STREET,CANNING STREET,RATHDOWNE STREET,20573
30001050,LEICESTER STREET,BERKELEY STREET,QUEENSBERRY STREET,20455
30001051,LEICESTER STREET,GRATTAN STREET,PELHAM STREET,20460
30001052,LEICESTER STREET,GRATTAN STREET,PELHAM STREET,20460
30001053,KAY STREET,CANNING STREET,RATHDOWNE STREET,20573
30001054,LEICESTER STREET,GRATTAN STREET,PELHAM STREET,20460
30001055,LEICESTER STREET,PELHAM STREET,QUEENSBERRY STREET,20458
30001056,LEICESTER STREET,PELHAM STREET,QUEENSBERRY STREET,20458
30001057,LEICESTER STREET,PELHAM STREET,QUEENSBERRY STREET,20458
30001058,LEICESTER STREET,PELHAM STREET,QUEENSBERRY STREET,20458
30001059,LINCOLN SQUARE SOUTH,SWANSTON STREET,BOUVERIE STREET,20838
30001060,LINCOLN SQUARE NORTH,SWANSTON STREET,BOUVERIE STREET,20839
30001061,LINCOLN SQUARE NORTH,SWANSTON STREET,BOUVERIE STREET,20839
30001062,LINCOLN SQUARE SOUTH,BOUVERIE STREET,SWANSTON STREET,20838
30001064,LINCOLN SQUARE SOUTH,BOUVERIE STREET,SWANSTON STREET,20838
30001065,LYGON STREET,ARGYLE PLACE NORTH,PELHAM STREET,20528
30001066,LYGON STREET,QUEENSBERRY STREET,ARGYLE PLACE SOUTH,20524
30001067,LYGON STREET ,ARGYLE SQUARE NORTH,ARGYLE SQUARE SOUTH,15511
30001068,LYGON STREET,FARADAY STREET,ELGIN STREET,20534
30001069,LYGON STREET,GRATTAN STREET,FARADAY STREET,20532
30001070,SPRING STREET,COLLINS STREET,FLINDERS LANE,20198
30001071,LYGON STREET,PELHAM STREET,ARGYLE PLACE SOUTH,20526
30001072,LYGON STREET,GRATTAN STREET,ARGYLE PLACE NORTH,20530
30001072,LYGON STREET ,PELHAM STREET,GRATTAN STREET,15512
30001073,LYGON STREET,PALMERSTON STREET,ELGIN STREET,20536
30001074,LYGON STREET,PRINCES STREET,LYTTON STREET,20540
30001075,LYGON STREET ,QUEENSBERRY STREET ,PELHAM STREET,15510
30001076,LYGON STREET,QUEENSBERRY STREET,VICTORIA STREET,20522
30001077,LYTTON STREET,LYGON STREET,CARDIGAN STREET,20771
30001078,MACARTHUR PLACE NORTH,RATHDOWNE STREET,CANNING STREET,20670
30001079,MACARTHUR PLACE SOUTH,CANNING STREET,RATHDOWNE STREET,20671
30001081,NICHOLSON STREET,VICTORIA STREET,CARLTON STREET,22501
30001082,NICHOLSON STREET,CARLTON STREET,VICTORIA STREET,22501
30001083,PELHAM STREET,BARRY STREET,BERKELEY STREET,20477
30001084,PELHAM STREET,BOUVERIE STREET,LEICESTER STREET,20873
30001085,PELHAM STREET,CARDIGAN STREET,SWANSTON STREET,20806
30001086,PELHAM STREET,SWANSTON STREET,CARDIGAN STREET,20806
30001087,PELHAM STREET,CARDIGAN STREET,SWANSTON STREET,20806
30001088,PELHAM STREET,CARDIGAN STREET,SWANSTON STREET,20806
30001089,PELHAM STREET,DRUMMOND STREET,LYGON STREET,21557
30001090,PELHAM STREET,DRUMMOND STREET,RATHDOWNE STREET,21556
30001091,PELHAM STREET,LEICESTER STREET,BARRY STREET,20479
30001092,PELHAM STREET,RATHDOWNE STREET,DRUMMOND STREET,21556
30001093,QUEENSBERRY STREET,BOUVERIE STREET,LEICESTER STREET,20868
30001094,QUEENSBERRY STREET,LYGON STREET,CARDIGAN STREET,22499
30001095,QUEENSBERRY STREET,SWANSTON STREET,CARDIGAN STREET,22500
30001096,QUEENSBERRY STREET,CARDIGAN STREET,SWANSTON STREET,22500
30001097,QUEENSBERRY STREET,LYGON STREET,DRUMMOND STREET,22498
30001098,QUEENSBERRY STREET,DRUMMOND STREET,LYGON STREET,22498
30001099,QUEENSBERRY STREET,BERKELEY STREET,ELIZABETH STREET,20864
30001100,QUEENSBERRY STREET,RATHDOWNE STREET,DRUMMOND STREET,22497
30001101,QUEENSBERRY STREET,LEICESTER STREET,BERKELEY STREET,20471
30001102,QUEENSBERRY STREET,BOUVERIE STREET,LEICESTER STREET,20868
30001103,QUEENSBERRY STREET,LEICESTER STREET,BOUVERIE STREET,20868
30001104,QUEENSBERRY STREET,CARDIGAN STREET,LYGON STREET,22499
30001105,QUEENSBERRY STREET,CARDIGAN STREET,LYGON STREET,22499
30001106,QUEENSBERRY STREET,LYGON STREET,DRUMMOND STREET,22498
30001107,QUEENSBERRY STREET,RATHDOWNE STREET,DRUMMOND STREET,22497
30001108,QUEENSBERRY STREET,DRUMMOND STREET,RATHDOWNE STREET,22497
30001109,QUEENSBERRY STREET,SWANSTON STREET,BOUVERIE STREET,20829
30001110,QUEENSBERRY STREET,BOUVERIE STREET,SWANSTON STREET,20829
30001111,QUEENSBERRY STREET,SWANSTON STREET,CARDIGAN STREET,22500
30001112,RATHDOWNE STREET,PELHAM STREET,GRATTAN STREET,20558
30001113,RATHDOWNE STREET,PELHAM STREET,QUEENSBERRY STREET,20556
30001114,RATHDOWNE STREET,GRATTAN STREET,PELHAM STREET,20558
30001115,RATHDOWNE STREET,VICTORIA STREET,QUEENSBERRY STREET,20554
30001116,RATHDOWNE STREET,QUEENSBERRY STREET,VICTORIA STREET,20554
30001117,SWANSTON STREET,ELGIN STREET,COLLEGE CRESCENT,20494
30001118,SWANSTON STREET,GRATTAN STREET,LINCOLN SQUARE NORTH,20488
30001119,SWANSTON STREET,LINCOLN SQUARE NORTH,GRATTAN STREET,20488
30001120,SWANSTON STREET,LINCOLN SQUARE SOUTH,PELHAM STREET,20485
30001121,SWANSTON STREET,LINCOLN SQUARE SOUTH,QUEENSBERRY STREET,20484
30001122,SWANSTON STREET,QUEENSBERRY STREET,VICTORIA STREET,20482
30001124,VICTORIA STREET,ELIZABETH STREET,BOUVERIE STREET,21625
30001125,VICTORIA STREET,LYGON STREET,CARDIGAN STREET,21605
30001126,VICTORIA STREET,CARDIGAN STREET,LYGON STREET,21605
30001127,VICTORIA STREET,LYGON STREET,DRUMMOND STREET,21603
30001128,VICTORIA STREET,DRUMMOND STREET,RATHDOWNE STREET,21601
30001132,VICTORIA PARADE,NICHOLSON STREET,SPRING STREET,21596
30001133,VICTORIA STREET,RATHDOWNE STREET,DRUMMOND STREET,21601
30001134,VICTORIA STREET,SWANSTON STREET,CARDIGAN STREET,21607
30001135,VICTORIA STREET,SWANSTON STREET,BOUVERIE STREET,21623
30001136,ARGYLE PLACE SOUTH,LYGON STREET,CARDIGAN STREET,20751
30001137,BOWEN CRESCENT,GARTON STREET,PARK STREET,22396
30001138,BOWEN CRESCENT,PARK STREET,GARTON STREET,22396
30001140,CEMETERY ROAD WEST,COLLEGE CRESCENT,ROYAL PARADE,22375
30001141,CEMETERY ROAD,SWANSTON STREET,ROYAL PARADE,22373
30001142,CEMETERY ROAD EAST,COLLEGE CRESCENT,LYGON STREET,20773
30001143,GARTON STREET,MACPHERSON STREET,BOWEN CRESCENT,22511
30001146,LYGON STREET,PRINCES STREET,MACPHERSON STREET,22508
30001147,LYGON STREET ,MACPHERSON STREET,PRINCES STREET,22508
30001148,PARK STREET,ROYAL PARADE,BOWEN CRESCENT,22395
30001149,PRINCES PARK DRIVE,CEMETERY ROAD WEST,MACPHERSON STREET,22512
30001150,ROYAL PARADE,IEVERS STREET,WALKER STREET,22387
30001151,ROYAL PARADE,MACARTHUR ROAD,LEONARD STREET,22434
30001152,ROYAL PARADE,IEVERS STREET,PARK STREET,22393
30001153,ROYAL PARADE,LEONARD STREET,WALKER STREET,22435
30001154,ADDERLEY STREET,LA TROBE STREET,JEFFCOTT STREET,21504
30001156,AQUITANIA WAY,CARAVEL LANE,NEWQUAY PROMENADE,22787
30001157,AQUITANIA WAY,CARAVEL LANE,DOCKLANDS DRIVE,22786
30001158,AUGUSTA AVENUE,PEARL RIVER ROAD,WATTLE ROAD,23275
30001159,AURORA LANE,BOURKE STREET,COLLINS STREET,22822
30001160,AURORA LANE,COLLINS STREET,BOURKE STREET,22822
30001161,AURORA LANE,COLLINS STREET,WURUNDJERI WAY,22899
30001162,AURORA LANE,WURUNDJERI WAY,COLLINS STREET,22899
30001163,BATMANS HILL DRIVE,BOURKE STREET,COLLINS STREET,22802
30001164,BOURKE STREET,HARBOUR ESPLANADE,ENTERPRIZE WAY,22801
30001165,BOURKE STREET,WURUNDJERI WAY,HARBOUR ESPLANADE,22553
30001166,BOURKE STREET,HARBOUR ESPLANADE,ENTERPRIZE WAY,22801
30001167,BOURKE STREET,CUMBERLAND STREET,COLLINS STREET,23293
30001168,BOURKE STREET,ENTERPRIZE WAY,HARBOUR ESPLANADE,22801
30001170,BOURKE STREET,CUMBERLAND STREET,ENTERPRIZE WAY,22913
30001171,BOURKE STREET,HARBOUR ESPLANADE,ENTERPRIZE WAY,22801
30001172,BOURKE STREET,ENTERPRIZE WAY,CUMBERLAND STREET,22913
30001173,BOURKE STREET,HARBOUR ESPLANADE,ENTERPRIZE WAY,22801
30001174,BOURKE STREET,ENTERPRIZE WAY,HARBOUR ESPLANADE,22801
30001176,BOURKE STREET,CUMBERLAND STREET,ENTERPRIZE WAY,22913
30001177,BOURKE STREET,ENTERPRIZE WAY,CUMBERLAND STREET,22913
30001178,BOURKE STREET,CUMBERLAND STREET,ENTERPRIZE WAY,22913
30001179,BOURKE STREET,ENTERPRIZE WAY,CUMBERLAND STREET,22913
30001181,BOURKE STREET,HARBOUR ESPLANADE,WURUNDJERI WAY,22553
30001183,COLLINS STREET,SPENCER STREET,BATMANS HILL DRIVE,22819
30001184,COLLINS STREET,HARBOUR ESPLANADE,NAVIGATION DRIVE,23308
30001185,COLLINS STREET,NAVIGATION DRIVE,MERCHANT STREET,22956
30001186,COLLINS STREET,MERCHANT STREET,SEAFARER LANE,23311
30001187,COLLINS STREET,SEAFARER LANE,MERCHANT STREET,23311
30001188,COLLINS STREET,BATMANS HILL DRIVE,HARBOUR ESPLANADE,22906
30001189,COLLINS STREET,SPENCER STREET,BATMANS HILL DRIVE,22819
30001190,CUMBERLAND STREET,BOURKE STREET,VICTORIA HARBOUR PROMENADE,22914
30001191,DOCKLANDS DRIVE,SAINT MANGOS LANE,WATERFRONT WAY,23252
30001192,DOCKLANDS DRIVE,PEARL RIVER ROAD,WESTERN LINK ROAD,23256
30001193,DOEPEL WAY,DOCKLANDS DRIVE,NEWQUAY PROMENADE,22855
30001194,ENTERPRIZE WAY,BOURKE STREET,WATERFRONT WAY,22898
30001196,FISHPLATE LANE,BATMANS HILL DRIVE,VILLAGE STREET,22942
30001197,GEOGRAPHE STREET,BOURKE STREET,KEERA WAY,23032
30001198,GEOGRAPHE STREET,KEERA WAY,BOURKE STREET,23032
30001199,GEOGRAPHE STREET,BOURKE STREET,KEERA WAY,23032
30001200,GEORGIANA STREET,MCCRAE STREET,COLLINS STREET,22896
30001201,GRATTAN STREET,CARDIGAN STREET,SWANSTON STREET,22506
30001202,HARBOUR ESPLANADE,COLLINS STREET,BOURKE STREET,22448
30001203,HARBOUR ESPLANADE,COLLINS STREET,NORTH WHARF ROAD,22954
30001204,HARBOUR ESPLANADE,NORTH WHARF ROAD,COLLINS STREET,22954
30001205,HARBOUR ESPLANADE,LA TROBE STREET,BOURKE STREET,22452
30001206,FRANKLIN STREET,ELIZABETH STREET,QUEEN STREET,21634
30001207,IMPORT LANE,BOURKE STREET,COLLINS STREET,23062
30001208,KARLSRUHE LANE,COLLINS STREET,KEERA WAY,23246
30001209,LEVEN AVENUE,PEARL RIVER ROAD,WATTLE ROAD,23277
30001211,MCCRAE STREET,WURUNDJERI WAY,BATMANS HILL DRIVE,22862
30001212,MERCHANT STREET,BOURKE STREET,VICTORIA HARBOUR PROMENADE,22915
30001213,MERCHANT STREET,BOURKE STREET,COLLINS STREET,23151
30001214,NAVIGATION DRIVE,BOURKE STREET,COLLINS STREET,23033
30001215,NAVIGATION DRIVE,COLLINS STREET,HARBOUR ESPLANADE,23236
30001216,NAVIGATION DRIVE,COLLINS STREET,BOURKE STREET,23033
30001217,PEARL RIVER ROAD,DOCKLANDS DRIVE,VICTORIA HARBOUR,22908
30001218,PEARL RIVER ROAD,VICTORIA HARBOUR,DOCKLANDS DRIVE,22908
30001219,SIDDELEY STREET,SPENCER STREET,WURUNDJERI WAY,22445
30001220,PEARL RIVER ROAD,FOOTSCRAY ROAD,DOCKLANDS DRIVE,23224
30001221,POINT PARK CRESCENT,LORIMER STREET,SOUTH WHARF DRIVE,22951
30001222,SEAFARER LANE,BOURKE STREET,,23063
30001223,SIDDELEY STREET,SPENCER STREET,WURUNDJERI WAY,22445
30001224,SPENCER STREET,FLINDERS STREET,FLINDERS LANE,20067
30001226,SAINT MANGOS LANE NORTH,DOCKLANDS DRIVE,,23267
30001227,VILLAGE STREET,COLLINS STREET,BOURKE STREET,22941
30001228,VILLAGE STREET,BOURKE STREET,COLLINS STREET,22941
30001229,VILLAGE STREET,MCCRAE STREET,COLLINS STREET,22894
30001230,VILLAGE STREET,COLLINS STREET,MCCRAE STREET,22894
30001231,WATERFRONT WAY,FOOTSCRAY ROAD,DOCKLANDS DRIVE,23225
30001232,WATERFRONT WAY,DOCKLANDS DRIVE,FOOTSCRAY ROAD,23225
30001233,WATTLE ROAD,DOCKLANDS DRIVE,NEWQUAY PROMENADE,23274
30001234,ALBERT STREET,CLARENDON STREET,EADES STREET,20898
30001235,ALBERT STREET,EADES STREET,CLARENDON STREET,20898
30001236,ALBERT STREET,GISBORNE STREET,MORRISON PLACE,22619
30001236,ALBERT STREET,MORRISON PLACE,LANSDOWNE STREET,20891
30001236,ALBERT STREET,EADES STREET,LANSDOWNE STREET,20893
30001237,ALBERT STREET,CLARENDON STREET,EADES STREET,20898
30001238,ALBERT STREET,POWLETT STREET,CLARENDON STREET,21587
30001239,ALBERT STREET,LANSDOWNE STREET,EADES STREET,20893
30001240,LA TROBE STREET,Wurundjeri Way,Harbour Esplanade,22549
30001241,ALBERT STREET,HODDLE STREET,SIMPSON STREET,21573
30001242,ALBERT STREET,SIMPSON STREET,HODDLE STREET,21573
30001244,ALBERT STREET,NICHOLSON STREET,GISBORNE STREET,20889
30001245,ALBERT STREET,SPRING STREET,NICHOLSON STREET,20886
30001245,ALBERT STREET,GISBORNE STREET,NICHOLSON STREET,20889
30001246,ALBERT STREET,POWLETT STREET,SIMPSON STREET,21580
30001247,CATHEDRAL PLACE,LANSDOWNE STREET,GISBORNE STREET,21851
30001248,CATHEDRAL PLACE,GISBORNE STREET,LANSDOWNE STREET,21851
30001249,SPENCER STREET,FLINDERS STREET,SPENCER STREET BRIDGE,22174
30001250,CLARENDON STREET,GIPPS STREET,GREY STREET,22622
30001250,CLARENDON STREET,WELLINGTON PARADE,GEORGE STREET,21937
30001250,CLARENDON STREET,HOTHAM STREET,GEORGE STREET,21932
30001250,CLARENDON STREET,HOTHAM STREET,GIPPS STREET,21902
30001250,CLARENDON STREET,GREY STREET,ALBERT STREET,21860
30001251,EADES STREET,VICTORIA PARADE,ALBERT STREET,20897
30001252,EVELYN PLACE,NICHOLSON STREET,ALBERT STREET,21561
30001253,GISBORNE STREET,CATHEDRAL PLACE,ALBERT STREET,21849
30001254,GISBORNE STREET,VICTORIA PARADE,ALBERT STREET,20895
30001255,GREY STREET,SIMPSON STREET,POWLETT STREET,21866
30001256,LANSDOWNE STREET,ST ANDREWS PLACE,CATHEDRAL PLACE,21857
30001257,LANSDOWNE STREET,CATHEDRAL PLACE,ALBERT STREET,21850
30001258,LANSDOWNE STREET,VICTORIA PARADE,ALBERT STREET,20896
30001259,LANSDOWNE STREET,CATHEDRAL PLACE,ST ANDREWS PLACE,21857
30001260,LANSDOWNE STREET,ALBERT STREET,VICTORIA PARADE,20896
30001256,LANSDOWNE STREET,WELLINGTON PARADE,ST ANDREWS PLACE,21859
30001262,LANSDOWNE STREET,ST ANDREWS PLACE,WELLINGTON PARADE,21859
30001263,LANSDOWNE STREET,CATHEDRAL PLACE,ST ANDREWS PLACE,21850
30001264,LANSDOWNE STREET,ST ANDREWS PLACE,WELLINGTON PARADE,21859
30001265,NICHOLSON STREET,SPRING STREET,ALBERT STREET,21553
30001266,NICHOLSON STREET,ALBERT STREET,VICTORIA STREET,21554
30001268,NICHOLSON STREET,VICTORIA STREET,ALBERT STREET,21554
30001269,PARLIAMENT PLACE,ST ANDREWS PLACE,GISBORNE STREET,21852
30001270,POWLETT STREET,GREY STREET,ALBERT STREET,21863
30001271,SIMPSON STREET,GREY STREET,ALBERT STREET,21867
30001272,SPRING STREET,FLINDERS STREET,FLINDERS LANE,20196
30001278,ST ANDREWS PLACE,LANSDOWNE STREET,MACARTHUR STREET,21855
30001279,ST ANDREWS PLACE,MACARTHUR STREET,LANSDOWNE STREET,21855
30001280,ST ANDREWS PLACE,MACARTHUR STREET,LANSDOWNE STREET,21855
30001282,BRENTANI WAY,VILLAGE STREET,GEORGIANA STREET,22895
30001284,VICTORIA PARADE,NICHOLSON STREET,GISBORNE STREET,21560
30001285,VICTORIA PARADE,GISBORNE STREET,NICHOLSON STREET,21560
30001286,VICTORIA PARADE,CLARENDON STREET,EADES STREET,21594
30001287,VICTORIA PARADE,HODDLE STREET,SIMPSON STREET,22000
30001288,VICTORIA PARADE,MORRISON PLACE,LANSDOWNE STREET,21566
30001289,VICTORIA PARADE,EADES STREET,LANSDOWNE STREET,21595
30001290,VICTORIA PARADE,NICHOLSON STREET,SPRING STREET,21596
30001296,VICTORIA PARADE,LANSDOWNE STREET,EADES STREET,21595
30001297,VICTORIA PARADE,SPRING STREET,NICHOLSON STREET,21596
30001298,WELLINGTON PARADE,CLARENDON STREET,JOLIMONT ROAD,21963
30001299,WELLINGTON PARADE,LANSDOWNE STREET,SPRING STREET,21967
30001300,WELLINGTON PARADE SOUTH,WELLINGTON CRESCENT,FLINDERS STREET,22630
30001301,WELLINGTON PARADE SOUTH,JOLIMONT ROAD,WELLINGTON CRESCENT,21968
30001302,JOLIMONT TERRACE,WELLINGTON PARADE SOUTH,JOLIMONT STREET,21982
30001303,DALLAS BROOKS DRIVE,BIRDWOOD AVENUE,DOMAIN ROAD,22469
30001304,WELLINGTON PARADE,JOLIMONT ROAD,CLARENDON STREET,21963
30001305,WELLINGTON PARADE SOUTH,AGNES STREET,JOLIMONT ROAD,22631
30001306,A'BECKETT STREET,ELIZABETH STREET,QUEEN STREET,21649
30001307,A'BECKETT STREET,QUEEN STREET,ELIZABETH STREET,21649
30001308,A'BECKETT STREET,WILLS STREET,QUEEN STREET,21524
30001309,A'BECKETT STREET,QUEEN STREET,ELIZABETH STREET,21649
30001310,A'BECKETT STREET,WILLS STREET,WILLIAM STREET,22653
30001311,A'BECKETT STREET,QUEEN STREET,WILLIAM STREET,16000
30001312,A'BECKETT STREET,ELIZABETH STREET,SWANSTON STREET,21643
30001313,A'BECKETT STREET,SWANSTON STREET,ELIZABETH STREET,21643
30001314,ELIZABETH STREET,FRANKLIN STREET,THERRY STREET,21631
30001315,A'BECKETT STREET,SWANSTON STREET,ELIZABETH STREET,21643
30001316,ALEXANDRA AVENUE,SWAN STREET BRIDGE,ANDERSON STREET,22492
30001317,ALEXANDRA AVENUE,ANDERSON STREET,SWAN STREET BRIDGE,22492
30001318,BERKELEY STREET,PELHAM STREET,GRATTAN STREET,20474
30001319,BERKELEY STREET,LEICESTER STREET,QUEENSBERRY STREET,20456
30001320,BERKELEY STREET,GRATTAN STREET,PELHAM STREET,20474
30001322,BIRDWOOD AVENUE,DOMAIN ROAD,DALLAS BROOKS DRIVE,22706
30001323,BIRDWOOD AVENUE,DALLAS BROOKS DRIVE,DOMAIN ROAD,22706
30001324,BIRDWOOD AVENUE,DALLAS BROOKS DRIVE,ANZAC AVENUE,22198
30001325,BIRDWOOD AVENUE,ANZAC AVENUE,DALLAS BROOKS DRIVE,22198
30001326,BIRDWOOD AVENUE,DOMAIN ROAD,DALLAS BROOKS DRIVE,22706
30001327,BIRDWOOD AVENUE,DALLAS BROOKS DRIVE,DOMAIN ROAD,22706
30001328,BIRDWOOD AVENUE,DALLAS BROOKS DRIVE,ANZAC AVENUE,22198
30001329,BIRDWOOD AVENUE,ANZAC AVENUE,DALLAS BROOKS DRIVE,22198
30001330,BOATHOUSE DRIVE,ALEXANDRA AVENUE,ST KILDA ROAD,22188
30001331,BOND STREET,FLINDERS STREET,FLINDERS LANE,20394
30001332,BOURKE STREET,QUEEN STREET,WILLIAM STREET,20086
30001333,BOURKE STREET,EXHIBITION STREET,RUSSELL STREET,20078
30001334,BOURKE STREET,RUSSELL STREET,EXHIBITION STREET,20078
30001335,BOURKE STREET,KING STREET,SPENCER STREET,20090
30001336,BOURKE STREET,KING STREET,WILLIAM STREET,20088
30001337,BOURKE STREET,SPENCER STREET,KING STREET,20090
30001338,BOURKE STREET,WILLIAM STREET,QUEEN STREET,20086
30001339,BOURKE STREET,WILLIAM STREET,QUEEN STREET,20086
30001341,FLINDERS LANE,ELIZABETH STREET,QUEEN STREET,20129
30001342,BOURKE STREET,SPENCER STREET,KING STREET,20090
30001343,BOURKE STREET,SPRING STREET,EXHIBITION STREET,20065
30001344,BOURKE STREET,EXHIBITION STREET,SPRING STREET,20065
30001345,BOURKE STREET,WILLIAM STREET,KING STREET,20088
30001346,BOURKE STREET,KING STREET,WILLIAM STREET,20088
30001347,BOURKE STREET,ELIZABETH STREET,SWANSTON STREET,20082
30001348,BROMBY STREET,DOMAIN STREET,ST KILDA ROAD,15515
30001351,COLLINS STREET,ELIZABETH STREET,QUEEN STREET,20114
30001352,COLLINS STREET,KING STREET,SPENCER STREET,20120
30001353,COLLINS STREET,WILLIAM STREET,KING STREET,20118
30001355,COLLINS STREET,QUEEN STREET,MARKET STREET,20116
30001356,COLLINS STREET,RUSSELL STREET,SWANSTON STREET,20110
30001357,COLLINS STREET,SWANSTON STREET,RUSSELL STREET,20110
30001358,COLLINS STREET,RUSSELL STREET,EXHIBITION STREET,20108
30001359,COLLINS STREET,SWANSTON STREET,ELIZABETH STREET,20112
30001360,COLLINS STREET,SPRING STREET,EXHIBITION STREET,20106
30001361,COLLINS STREET,SWANSTON STREET,RUSSELL STREET,20110
30001364,COMMERCIAL ROAD,PUNT ROAD,ST KILDA ROAD,22308
30001365,COMMERCIAL ROAD,PUNT ROAD,ST KILDA ROAD,22308
30001366,COMMERCIAL ROAD,PUNT ROAD,ST KILDA ROAD,22308
30001367,COMMERCIAL ROAD,ST KILDA ROAD,PUNT ROAD,22308
30001368,COMMERCIAL ROAD,ST KILDA ROAD,PUNT ROAD,22308
30001369,DALLAS BROOKS DRIVE,DOMAIN ROAD,BIRDWOOD AVENUE,22469
30001370,DOMAIN ROAD,DALLAS BROOKS DRIVE,DOMAIN STREET,22223
30001371,DOMAIN ROAD,DOMAIN STREET,HOPE STREET,22225
30001372,DOMAIN ROAD,DALLAS BROOKS DRIVE,ST KILDA ROAD,22708
30001373,DOMAIN ROAD,DOMAIN STREET,DALLAS BROOKS DRIVE,22223
30001374,DOMAIN ROAD,ST KILDA ROAD,DALLAS BROOKS DRIVE,22708
30001375,DOMAIN ROAD,DOMAIN STREET,DALLAS BROOKS DRIVE,22223
30001376,DOMAIN ROAD,ST KILDA ROAD,DALLAS BROOKS DRIVE,22708
30001377,DOWNIE STREET,FLINDERS STREET,FLINDERS LANE,20431
30001378,DOWNIE STREET,FLINDERS LANE,FLINDERS STREET,20431
30001381,ELIZABETH STREET,FLINDERS LANE,COLLINS STREET,20163
30001382,ELIZABETH STREET,FLINDERS LANE,FLINDERS STREET,20162
30001383,ELIZABETH STREET,FRANKLIN STREET,THERRY STREET,21631
30001384,ELIZABETH STREET,FRANKLIN STREET,A'BECKETT STREET,21639
30001385,ELIZABETH STREET,THERRY STREET,VICTORIA STREET,21628
30001386,ELIZABETH STREET,GRATTAN STREET,FLEMINGTON ROAD,21551
30001393,ELIZABETH STREET,PELHAM STREET,QUEENSBERRY STREET,21115
30001394,ELIZABETH STREET,VICTORIA STREET,QUEENSBERRY STREET,21113
30001401,EXHIBITION STREET,FLINDERS LANE,COLLINS STREET,20139
30001402,EXHIBITION STREET,COLLINS STREET,FLINDERS LANE,20139
30001403,EXHIBITION STREET,FLINDERS LANE,COLLINS STREET,20139
30001404,EXHIBITION STREET,FLINDERS LANE,FLINDERS STREET,20138
30001408,EXHIBITION STREET,LA TROBE STREET,VICTORIA STREET,21600
30001417,BOURKE STREET,QUEEN STREET,WILLIAM STREET,20086
30001418,FLINDERS LANE,ELIZABETH STREET,QUEEN STREET,20129
30001419,FLINDERS LANE,QUEEN STREET,ELIZABETH STREET,20129
30001420,FLINDERS LANE,ELIZABETH STREET,QUEEN STREET,20129
30001421,FLINDERS LANE,KING STREET,SPENCER STREET,20137
30001422,FLINDERS LANE,KING STREET,SPENCER STREET,20137
30001424,FLINDERS LANE,KING STREET,WILLIAM STREET,20135
30001425,FLINDERS LANE,WILLIAM STREET,KING STREET,20135
30001426,FLINDERS LANE,MARKET STREET,WILLIAM STREET,20133
30001427,FLINDERS LANE,WILLIAM STREET,MARKET STREET,20133
30001429,FLINDERS LANE,QUEEN STREET,MARKET STREET,20131
30001430,FLINDERS LANE,QUEEN STREET,WILLIAM STREET,15001
30001431,FLINDERS LANE,SPRING STREET,EXHIBITION STREET,20121
30001432,FLINDERS LANE,WILLIAM STREET,KING STREET,20135
30001433,FLINDERS STREET,SPENCER STREET,KING STREET,20224
30001434,FLINDERS STREET,ELIZABETH STREET,QUEEN STREET,20216
30001435,FLINDERS STREET,QUEEN STREET,ELIZABETH STREET,20216
30001436,FLINDERS STREET,EXHIBITION STREET,RUSSELL STREET,20210
30001437,FLINDERS STREET,EXHIBITION STREET,SPRING STREET,20208
30001438,FLINDERS STREET,KING STREET,SPENCER STREET,20224
30001439,FLINDERS STREET,SPENCER STREET,KING STREET,20224
30001440,FLINDERS STREET,SPENCER STREET,KING STREET,20224
30001441,FLINDERS STREET,SPRING STREET,EXHIBITION STREET,20208
30001442,FRANCIS STREET,KING STREET,SPENCER STREET,20433
30001443,FRANCIS STREET,SPENCER STREET,KING STREET,20433
30001444,FRANCIS STREET,KING STREET,SPENCER STREET,20433
30001445,FRANCIS STREET,SPENCER STREET,KING STREET,20433
30001446,FRANCIS STREET,KING STREET,SPENCER STREET,20433
30001447,GRATTAN STREET,FLEMINGTON ROAD,ELIZABETH STREET,21552
30001448,FRANKLIN STREET,ELIZABETH STREET,QUEEN STREET,21634
30001449,FRANKLIN STREET,QUEEN STREET,ELIZABETH STREET,21634
30001453,FRANKLIN STREET,SWANSTON STREET,ELIZABETH STREET,21633
30001454,FRANKLIN STREET,SWANSTON STREET,VICTORIA STREET,21622
30001455,FRANKLIN STREET,SWANSTON STREET,ELIZABETH STREET,21633
30001456,FRANKLIN STREET,ELIZABETH STREET,SWANSTON STREET,21633
30001457,FRANKLIN STREET,SWANSTON STREET,ELIZABETH STREET,21633
30001458,FRANKLIN STREET,SWANSTON STREET,ELIZABETH STREET,21633
30001460,FRANKLIN STREET,SWANSTON STREET,ELIZABETH STREET,21633
30001461,ELIZABETH STREET,FRANKLIN STREET,A'BECKETT STREET,21639
30001462,FRANKLIN STREET,VICTORIA STREET,SWANSTON STREET,21622
30001463,FRANKLIN STREET,VICTORIA STREET,SWANSTON STREET,21622
30001464,FRANKLIN STREET,VICTORIA STREET,SWANSTON STREET,21622
30001465,FRANKLIN STREET,WILLIAM STREET,QUEEN STREET,21527
30001466,GOVERNMENT HOUSE DRIVE,ST KILDA ROAD,BIRDWOOD AVENUE,22196
30001467,GRATTAN STREET,BERKELEY STREET,ROYAL PARADE,20851
30001468,HIGH STREET,ST KILDA ROAD,PUNT ROAD,22479
30001469,HIGH STREET,PUNT ROAD,ST KILDA ROAD,22479
30001474,KING STREET,COLLINS STREET,FLINDERS LANE,20189
30001476,KING STREET,COLLINS STREET,FLINDERS LANE,20189
30001478,KING STREET,FLINDERS LANE,COLLINS STREET,20189
30001479,KING STREET,FLINDERS STREET,FLINDERS LANE,20188
30001492,LA TROBE STREET,ELIZABETH STREET,QUEEN STREET,20024
30001493,LA TROBE STREET,QUEEN STREET,ELIZABETH STREET,20024
30001495,LA TROBE STREET,ELIZABETH STREET,SWANSTON STREET,20022
30001496,LA TROBE STREET,EXHIBITION STREET,RUSSELL STREET,20018
30001497,LA TROBE STREET,RUSSELL STREET,EXHIBITION STREET,20018
30001498,LA TROBE STREET,KING STREET,SPENCER STREET,20030
30001499,LA TROBE STREET,QUEEN STREET,WILLIAM STREET,15003
30001500,LA TROBE STREET,QUEEN STREET,WILLS STREET,20026
30001501,LA TROBE STREET,RUSSELL STREET,SWANSTON STREET,20020
30001502,LA TROBE STREET,RUSSELL STREET,EXHIBITION STREET,20018
30001504,LA TROBE STREET,WILLIAM STREET,QUEEN STREET,15003
30001505,LA TROBE STREET,EXHIBITION STREET ,SPRING STREET ,15002
30001506,LA TROBE STREET,SPENCER STREET,KING STREET,20030
30001507,LA TROBE STREET,QUEEN STREET,WILLS STREET,20026
30001508,LA TROBE STREET,SWANSTON STREET,RUSSELL STREET,20020
30001509,LA TROBE STREET,VICTORIA STREET,EXHIBITION STREET,20016
30001511,LA TROBE STREET,WILLIAM STREET,WILLS STREET,22615
30001511,LA TROBE STREET,WILLS STREET,WILLIAM STREET,22615
30001512,LEICESTER STREET,VICTORIA STREET,BERKELEY STREET,20453
30001513,LINLITHGOW AVENUE,ST KILDA ROAD,GOVERNMENT HOUSE DRIVE,22089
30001514,LINLITHGOW AVENUE,ST KILDA ROAD,ALEXANDRA AVENUE,22696
30001520,ELIZABETH STREET,QUEENSBERRY STREET,VICTORIA STREET,21113
30001554,LONSDALE STREET,ELIZABETH STREET,QUEEN STREET,20009
30001555,LONSDALE STREET,EXHIBITION STREET,RUSSELL STREET,20003
30001556,LONSDALE STREET,EXHIBITION STREET,RUSSELL STREET,20003
30001558,LONSDALE STREET,EXHIBITION STREET,RUSSELL STREET,20003
30001562,LONSDALE STREET,QUEEN STREET,WILLIAM STREET,20011
30001566,LONSDALE STREET,QUEEN STREET,WILLIAM STREET,20011
30001567,LONSDALE STREET,QUEEN STREET,WILLIAM STREET,20011
30001568,LONSDALE STREET,RUSSELL STREET,EXHIBITION STREET,20003
30001569,LONSDALE STREET,RUSSELL STREET,SWANSTON STREET,20005
30001570,LONSDALE STREET,SPRING STREET,EXHIBITION STREET,20001
30001571,LONSDALE STREET,SPRING STREET,EXHIBITION STREET,20001
30001572,LONSDALE STREET,SPRING STREET,EXHIBITION STREET,20001
30001573,LONSDALE STREET,SPRING STREET,EXHIBITION STREET,20001
30001574,LONSDALE STREET,WILLIAM STREET,KING STREET,20013
30001575,LONSDALE STREET,WILLIAM STREET,KING STREET,20013
30001576,LONSDALE STREET,WILLIAM STREET,KING STREET,20013
30001577,LONSDALE STREET,KING STREET,WILLIAM STREET,20013
30001578,LONSDALE STREET,SPENCER STREET,KING STREET,20014
30001580,MACKENZIE STREET,RUSSELL STREET,VICTORIA STREET,21609
30001581,MACKENZIE STREET,VICTORIA STREET,RUSSELL STREET,21609
30001582,MARKET STREET,FLINDERS LANE,COLLINS STREET,20180
30001583,MARKET STREET,FLINDERS STREET,FLINDERS LANE,20179
30001584,WILLIAM STREET,A'BECKETT STREET,FRANKLIN STREET,21529
30001585,MOUBRAY STREET,PUNT ROAD,ST KILDA ROAD,22311
30001586,MOUBRAY STREET,PUNT ROAD,ST KILDA ROAD,22311
30001587,MOUBRAY STREET,PUNT ROAD,ST KILDA ROAD,22311
30001588,O'CONNELL STREET,QUEENSBERRY STREET,PEEL STREET,21116
30001589,PELHAM STREET,BERKELEY STREET,ELIZABETH STREET,22502
30001590,PUNT ROAD,COMMERCIAL ROAD,MOUBRAY STREET,22481
30001591,PUNT ROAD,HIGH STREET,MOUBRAY STREET,22480
30001592,PUNT ROAD,MOUBRAY STREET,COMMERCIAL ROAD,22481
30001593,QUEEN STREET,A'BECKETT STREET,FRANKLIN STREET,21636
30001596,QUEEN STREET,FLINDERS LANE,COLLINS STREET,20171
30001597,QUEEN STREET,FLINDERS STREET,FLINDERS LANE,20170
30001598,QUEEN STREET,FLINDERS STREET,FLINDERS LANE,20170
30001599,QUEEN STREET,FLINDERS STREET,FLINDERS LANE,20170
30001600,QUEEN STREET,FRANKLIN STREET,A'BECKETT STREET,21636
30001601,QUEEN STREET,FRANKLIN STREET,THERRY STREET,21630
30001601,QUEEN STREET,VICTORIA STREET,THERRY STREET,23247
30001603,LONSDALE STREET,SWANSTON STREET,ELIZABETH STREET,20007
30001604,QUEEN STREET,LA TROBE STREET,A'BECKETT STREET,21523
30001616,QUEEN STREET,THERRY STREET,VICTORIA STREET,23247
30001617,QUEEN STREET,THERRY STREET,VICTORIA STREET,23247
30001618,QUEEN STREET,THERRY STREET,VICTORIA STREET,23247
30001621,QUEENSBERRY STREET,BERKELEY STREET,ELIZABETH STREET,20864
30001623,QUEENSBERRY STREET,ELIZABETH STREET,O'CONNELL STREET,20923
30001631,RUSSELL STREET,FLINDERS STREET,FLINDERS LANE,20146
30001632,RUSSELL STREET,MACKENZIE STREET,VICTORIA STREET,21615
30001636,RUSSELL STREET,VICTORIA STREET,LA TROBE STREET,16014
30001641,RUSSELL STREET,MACKENZIE STREET,LA TROBE STREET,21616
30001643,SPENCER STREET,COLLINS STREET,FLINDERS LANE,20069
30001650,ST KILDA ROAD,ALEXANDRA AVENUE,SOUTHBANK BOULEVARD,16510
30001651,ST KILDA ROAD,ANZAC AVENUE,COVENTRY STREET,22704
30001652,ST KILDA ROAD,DORCAS STREET,DOMAIN ROAD,22467
30001653,ST KILDA ROAD,SLATER STREET,ARMADALE STREET,22474
30001654,ST KILDA ROAD,ARMADALE STREET,SLATER STREET,22474
30001655,ST KILDA ROAD,COMMERCIAL ROAD,MOUBRAY STREET,22477
30001656,ST KILDA ROAD,COMMERCIAL ROAD,ARMADALE STREET,22476
30001657,ST KILDA ROAD,COVENTRY STREET,DORCAS STREET,22092
30001658,ST KILDA ROAD,DOMAIN ROAD,BROMBY STREET,22724
30001659,ST KILDA ROAD,DOMAIN ROAD,DORCAS STREET,22467
30001660,ST KILDA ROAD,WADEY STREET,ANZAC AVENUE,22702
30001661,ST KILDA ROAD,GRANT STREET,WADEY STREET,22700
30001662,ST KILDA ROAD,HIGH STREET,MOUBRAY STREET,22478
30001663,ST KILDA ROAD,GRANT STREET,WADEY STREET,22700
30001664,ST KILDA ROAD,MOUBRAY STREET,HIGH STREET,22478
30001665,ST KILDA ROAD,MOUBRAY STREET,COMMERCIAL ROAD,22477
30001666,ST KILDA ROAD,SLATER STREET,ARMADALE STREET,22474
30001667,ST KILDA ROAD,SLATER STREET,TOORAK ROAD,22472
30001668,ST KILDA ROAD,SOUTHBANK BOULEVARD,GRANT STREET,22466
30001669,ST KILDA ROAD,TOORAK ROAD,SLATER STREET,22472
30001670,ST KILDA ROAD,COMMERCIAL ROAD,ARMADALE STREET,22476
30001671,STEWART STREET,A'BECKETT STREET,FRANKLIN STREET,21640
30001675,THERRY STREET,ELIZABETH STREET,QUEEN STREET,21629
30001676,THERRY STREET,ELIZABETH STREET,QUEEN STREET,21629
30001677,THERRY STREET,VICTORIA STREET,ELIZABETH STREET,21626
30001678,VICTORIA STREET,BOUVERIE STREET,ELIZABETH STREET,21625
30001679,VICTORIA STREET,ELIZABETH STREET,O'CONNELL STREET,22670
30001680,VICTORIA STREET,CARDIGAN STREET,SWANSTON STREET,21607
30001681,VICTORIA STREET,DRUMMOND STREET,LYGON STREET,21603
30001682,VICTORIA STREET,RATHDOWNE STREET,LA TROBE STREET,21599
30001683,VICTORIA STREET,LYGON STREET,CARDIGAN STREET,21605
30001684,VICTORIA STREET,LYGON STREET,DRUMMOND STREET,21603
30001685,VICTORIA STREET,RATHDOWNE STREET,DRUMMOND STREET,21601
30001686,VICTORIA STREET,SWANSTON STREET,BOUVERIE STREET,21623
30001687,VICTORIA STREET,RATHDOWNE STREET,LA TROBE STREET,21599
30001688,WELLINGTON PARADE SOUTH,WELLINGTON PARADE,JOLIMONT TERRACE,22636
30001690,WILLIAM STREET,A'BECKETT STREET,FRANKLIN STREET,21529
30001694,WILLIAM STREET,FLINDERS LANE,FLINDERS STREET,20178
30001695,WILLIAM STREET,FLINDERS LANE,COLLINS STREET,20181
30001697,WILLIAM STREET,FLINDERS STREET,FLINDERS LANE,20178
30001698,WILLIAM STREET,LA TROBE STREET,A'BECKETT STREET,21519
30001706,WILLS STREET,LA TROBE STREET,A'BECKETT STREET,21521
30001707,BEDFORD STREET,PEEL STREET,COURTNEY STREET,21120
30001708,BLACKWOOD STREET,COURTNEY STREET,FLEMINGTON ROAD,21122
30001709,BLACKWOOD STREET,COURTNEY STREET,FLEMINGTON ROAD,21122
30001710,BLACKWOOD STREET,FLEMINGTON ROAD,COURTNEY STREET,21122
30001711,BLACKWOOD STREET,FLEMINGTON ROAD,COURTNEY STREET,21122
30001712,BLACKWOOD STREET,FLEMINGTON ROAD,COURTNEY STREET,21122
30001713,CAPEL STREET,BEDFORD STREET,COURTNEY STREET,21118
30001714,CAPEL STREET,VICTORIA STREET,QUEENSBERRY STREET,20945
30001715,EXHIBITION STREET,FLINDERS STREET,FLINDERS LANE,20138
30001717,CHETWYND STREET,VICTORIA STREET,QUEENSBERRY STREET,20964
30001720,HARCOURT STREET,FLEMINGTON ROAD,COURTNEY STREET,21180
30001721,COBDEN STREET,PRINCESS STREET,QUEENSBERRY STREET,20939
30001722,CURZON STREET,ELM STREET,QUEENSBERRY STREET,20998
30001723,CURZON STREET OSCP,QUEENSBERRY STREET,VICTORIA STREET,40024
30001724,CURZON STREET OSCP,VICTORIA STREET,QUEENSBERRY STREET,40024
30001725,ERROL STREET,QUEENSBERRY STREET,VICTORIA STREET,20992
30001726,FLEMINGTON ROAD,BLACKWOOD STREET,WRECKYN STREET,21123
30001727,FLEMINGTON ROAD,ELIZABETH STREET,BLACKWOOD STREET,22686
30001728,FLEMINGTON ROAD,VILLIERS STREET,HARCOURT STREET,21182
30001729,HARCOURT STREET,COURTNEY STREET,FLEMINGTON ROAD,21180
30001730,HARCOURT STREET,COURTNEY STREET,FLEMINGTON ROAD,21180
30001731,HOWARD STREET,VICTORIA STREET,QUEENSBERRY STREET,20956
30001734,LEVESON STREET,ARDEN STREET,QUEENSBERRY STREET,21096
30001736,LEVESON STREET,COURTNEY STREET,ARDEN STREET,21146
30001737,LEVESON STREET,QUEENSBERRY STREET,ARDEN STREET,21096
30001738,LEVESON STREET,QUEENSBERRY STREET,VICTORIA STREET,20980
30001739,LEVESON STREET,QUEENSBERRY STREET,VICTORIA STREET,20980
30001740,LEVESON STREET,VICTORIA STREET,QUEENSBERRY STREET,20980
30001741,LEVESON STREET,VICTORIA STREET,QUEENSBERRY STREET,20980
30001742,LEVESON STREET,QUEENSBERRY STREET,VICTORIA STREET,20980
30001743,LEVESON STREET,VICTORIA STREET,QUEENSBERRY STREET,20980
30001744,LEVESON STREET,VICTORIA STREET,QUEENSBERRY STREET,20980
30001745,O'CONNELL STREET,QUEENSBERRY STREET,PEEL STREET,21116
30001746,QUEENSBERRY STREET,CAPEL STREET,HOWARD STREET,20950
30001747,QUEENSBERRY STREET,COBDEN STREET,PEEL STREET,20925
30001748,QUEENSBERRY STREET,ERROL STREET,LEVESON STREET,20990
30001749,THERRY STREET,ELIZABETH STREET,QUEEN STREET,21629
30001750,QUEENSBERRY STREET,COBDEN STREET,PEEL STREET,20925
30001752,VICTORIA STREET,CAPEL STREET,HOWARD STREET,20951
30001753,VICTORIA STREET,CURZON STREET,ERROL STREET,20994
30001754,VILLIERS STREET,COURTNEY STREET,FLEMINGTON ROAD,21141
30001756,VILLIERS STREET,FLEMINGTON ROAD,COURTNEY STREET,21141
30001757,VILLIERS STREET,FLEMINGTON ROAD,COURTNEY STREET,21141
30001759,VILLIERS STREET,COURTNEY STREET,FLEMINGTON ROAD,21141
30001760,VILLIERS STREET,COURTNEY STREET,FLEMINGTON ROAD,21141
30001761,WRECKYN STREET,COURTNEY STREET,FLEMINGTON ROAD,21124
30001762,WRECKYN STREET,COURTNEY STREET,FLEMINGTON ROAD,21124
30001763,WRECKYN STREET,COURTNEY STREET,FLEMINGTON ROAD,21124
30001764,WRECKYN STREET,COURTNEY STREET,FLEMINGTON ROAD,21124
30001765,WRECKYN STREET,COURTNEY STREET,FLEMINGTON ROAD,21124
30001766,WRECKYN STREET,COURTNEY STREET,FLEMINGTON ROAD,21124
30001768,WRECKYN STREET,FLEMINGTON ROAD,COURTNEY STREET,21124
30001770,WRECKYN STREET,FLEMINGTON ROAD,COURTNEY STREET,21124
30001771,WRECKYN STREET,FLEMINGTON ROAD,COURTNEY STREET,21124
30001772,WRECKYN STREET,COURTNEY STREET,FLEMINGTON ROAD,21124
30001775,CEMETERY ROAD WEST,COLLEGE CRESCENT,ROYAL PARADE,22375
30001776,COLLEGE CRESCENT,CEMETERY ROAD WEST,ROYAL PARADE,22599
30001778,COLLEGE CRESCENT,SWANSTON STREET,PRINCES PARK DRIVE,22373
30001781,FLEMINGTON ROAD,MELROSE STREET,DRYBURGH STREET,22425
30001781,FLEMINGTON ROAD,CURRAN STREET,BROUGHAM STREET,21251
30001782,FLEMINGTON ROAD,RACECOURSE ROAD,MELROSE STREET,22590
30001783,FLEMINGTON ROAD,GATEHOUSE STREET,ABBOTSFORD STREET,21257
30001785,FLEMINGTON ROAD,HARKER STREET,MURPHY STREET,22312
30001786,GATEHOUSE STREET,FLEMINGTON ROAD,STORY STREET,22337
30001787,GRATTAN STREET,BOUVERIE STREET,SWANSTON STREET,20847
30001788,GRATTAN STREET,BERKELEY STREET,BARRY STREET,20850
30001788,GRATTAN STREET,LEICESTER STREET,BOUVERIE STREET,20848
30001788,GRATTAN STREET,BERKELEY STREET,ROYAL PARADE,20851
30001789,IEVERS STREET,ROYAL PARADE,THE AVENUE,22384
30001790,LEONARD STREET,ROYAL PARADE,THE AVENUE,22378
30001792,PARK STREET,WEST COBURG TRAMWAY,ROYAL PARADE,22397
30001793,PARK STREET,WEST COBURG TRAMWAY,ROYAL PARADE,22397
30001794,PARK STREET,WEST COBURG TRAMWAY,OAK STREET,22398
30001795,PARK STREET,ROYAL PARADE,WEST COBURG TRAMWAY,22397
30001798,ROYAL PARADE,MACARTHUR ROAD,LEONARD STREET,22434
30001798,ROYAL PARADE,LEONARD STREET,WALKER STREET,22435
30001798,ROYAL PARADE,GATEHOUSE STREET,MACARTHUR ROAD,22438
30001799,ROYAL PARADE,BAYLES STREET,MORRAH STREET,22363
30001799,ROYAL PARADE,BAYLES STREET,DEGRAVES STREET,22605
30001799,ROYAL PARADE,COLLEGE CRESCENT,CEMETERY ROAD,22603
30001799,ROYAL PARADE,GRATTAN STREET,STORY STREET,22514
30001799,ROYAL PARADE,MORRAH STREET,STORY STREET,22608
30001800,ROYAL PARADE,GRATTAN STREET,STORY STREET,22514
30001801,CITY ROAD,CLARENDON STREET,CLARKE STREET,22020
30001802,SWANSTON STREET,COLLEGE CRESCENT,ELGIN STREET,20494
30001803,SWANSTON STREET,GRATTAN STREET,FARADAY STREET,20490
30001804,THE AVENUE,IEVERS STREET,PARK STREET,22392
30001805,THE AVENUE,LEONARD STREET,WALKER STREET,22380
30001806,THE AVENUE,MACARTHUR ROAD,LEONARD STREET,22436
30001807,THE AVENUE,GATEHOUSE STREET,MACARTHUR ROAD,22377
30001808,THE AVENUE,WALKER STREET,IEVERS STREET,22388
30001809,WALKER STREET,ROYAL PARADE,THE AVENUE,22382
30001810,WALKER STREET,ROYAL PARADE,THE AVENUE,22382
30001813,BALSTON STREET,CITY ROAD,KAVANAGH STREET,22046
30001814,BALSTON STREET,CITY ROAD,KAVANAGH STREET,22046
30001815,BALSTON STREET,KAVANAGH STREET,SOUTHERN LINK ROAD,22053
30001816,CITY ROAD,BALSTON STREET,POWER STREET,22050
30001817,CITY ROAD,CLARKE STREET,CLARENDON STREET,22020
30001818,CITY ROAD,KINGS WAY,BALSTON STREET,22048
30001818,CITY ROAD,POWER STREET,BALSTON STREET,22050
30001819,CITY ROAD,POWER STREET,BALSTON STREET,22050
30001820,CITY ROAD,KINGS WAY,CLARKE STREET,22040
30001821,CITY ROAD,KINGS WAY,CLARKE STREET,22040
30001822,CITY ROAD,SOUTHBANK BOULEVARD,SOUTHGATE AVENUE,22063
30001823,CITY ROAD,STURT STREET,SOUTHGATE AVENUE,22066
30001824,CITY ROAD,STURT STREET,SOUTHGATE AVENUE,22066
30001825,CLARKE STREET,CITY ROAD,HAIG STREET,22019
30001826,COVENTRY STREET,DODDS STREET,WELLS STREET,22112
30001827,COVENTRY STREET,ST KILDA ROAD,WELLS STREET,22103
30001828,COVENTRY STREET,ST KILDA ROAD,WELLS STREET,22103
30001829,COVENTRY STREET,ST KILDA ROAD,WELLS STREET,22103
30001830,COVENTRY STREET,ST KILDA ROAD,WELLS STREET,22103
30001831,COVENTRY STREET,STURT STREET,DODDS STREET,22117
30001832,COVENTRY STREET,WELLS STREET,DODDS STREET,22112
30001833,COVENTRY STREET,WELLS STREET,DODDS STREET,22112
30001834,DODDS STREET,COVENTRY STREET,DORCAS STREET,22113
30001835,DODDS STREET,COVENTRY STREET,MILES STREET,22110
30001836,DODDS STREET,MILES STREET,GRANT STREET,22462
30001837,DODDS STREET,GRANT STREET,MILES STREET,22462
30001838,DODDS STREET,MILES STREET,GRANT STREET,22462
30001839,DODDS STREET,SOUTHBANK BOULEVARD,GRANT STREET,22081
30001840,DODDS STREET,SOUTHBANK BOULEVARD,GRANT STREET,22081
30001841,DORCAS STREET,DODDS STREET,WELLS STREET,22096
30001842,DORCAS STREET,KINGS WAY,DODDS STREET,22460
30001843,DORCAS STREET,ST KILDA ROAD,WELLS STREET,22094
30001844,DORCAS STREET,ST KILDA ROAD,WELLS STREET,22094
30001845,DORCAS STREET,ST KILDA ROAD,WELLS STREET,22094
30001846,GRANT STREET,ST KILDA ROAD,WELLS STREET,22082
30001847,GRANT STREET,DODDS STREET,STURT STREET,22826
30001848,HAIG STREET,CLARENDON STREET,WEST GATE FREEWAY,22010
30001849,HAIG STREET,CLARENDON STREET,WEST GATE FREEWAY,22010
30001850,HAIG STREET,CLARENDON STREET,CLARKE STREET,22018
30001851,KAVANAGH STREET,BALSTON STREET,POWER STREET,22051
30001852,KAVANAGH STREET,BALSTON STREET,KINGS WAY,22045
30001853,KAVANAGH STREET,KINGS WAY,BALSTON STREET,22045
30001854,KAVANAGH STREET,POWER STREET,SOUTHBANK BOULEVARD,22077
30001855,KAVANAGH STREET,STURT STREET,SOUTHBANK BOULEVARD,22070
30001856,KAVANAGH STREET,STURT STREET,SOUTHBANK BOULEVARD,22070
30001857,MILES STREET,DODDS STREET,STURT STREET,22108
30001858,MILES STREET,STURT STREET,MOORE STREET,22120
30001859,MILES STREET,STURT STREET,MOORE STREET,22120
30001860,MILES STREET,STURT STREET,DODDS STREET,22108
30001861,MILES STREET,WELLS STREET,DODDS STREET,22107
30001862,MILES STREET,WELLS STREET,DODDS STREET,22107
30001863,MOORE STREET,MILES STREET,KINGS WAY,22461
30001864,MOORE STREET,SOUTHERN LINK ROAD,SOUTHBANK BOULEVARD,22078
30001865,MOORE STREET,SOUTHERN LINK ROAD,SOUTHBANK BOULEVARD,22078
30001866,MOORE STREET,KINGS WAY,MILES STREET,22461
30001867,MOORE STREET,SOUTHBANK BOULEVARD,SOUTHERN LINK ROAD,22078
30001868,MOORE STREET,SOUTHBANK BOULEVARD,SOUTHERN LINK ROAD,22078
30001869,MORAY STREET,WEST GATE FREEWAY,HANCOCK STREET,22036
30001870,QUEENS BRIDGE STREET,QUEENS BRIDGE,POWER STREET,22184
30001871,QUEENS BRIDGE STREET,KINGS WAY,POWER STREET,22182
30001872,QUEENS BRIDGE STREET,KINGS WAY,POWER STREET,22182
30001873,RIVERSIDE QUAY,COOK STREET,SOUTHBANK BOULEVARD,22059
30001874,SOUTHBANK BOULEVARD,KAVANAGH STREET,CITY ROAD,22073
30001875,SOUTHBANK BOULEVARD,KAVANAGH STREET,MOORE STREET,22075
30001876,SOUTHBANK BOULEVARD,MOORE STREET,KAVANAGH STREET,22075
30001877,SOUTHBANK BOULEVARD,STURT STREET,MOORE STREET,22079
30001878,SOUTHBANK BOULEVARD,DODDS STREET,ST KILDA ROAD,16505
30001879,LORIMER STREET,HARTLEY STREET,WEST GATE FREEWAY,22126
30001880,SOUTHGATE AVENUE,CITY ROAD,RIVERSIDE AVENUE,22187
30001881,ST KILDA ROAD,COVENTRY STREET,DORCAS STREET,22092
30001882,ST KILDA ROAD,GRANT STREET,WADEY STREET,22700
30001883,ST KILDA ROAD,ANZAC AVENUE,COVENTRY STREET,22704
30001884,ST KILDA ROAD,COVENTRY STREET,DORCAS STREET,22092
30001885,ST KILDA ROAD,GRANT STREET,WADEY STREET,22700
30001886,ST KILDA ROAD,SOUTHBANK BOULEVARD,GRANT STREET,22466
30001887,ST KILDA ROAD,WADEY STREET,COVENTRY STREET,16509
30001887,ST KILDA ROAD,ANZAC AVENUE,COVENTRY STREET,22704
30001887,ST KILDA ROAD,WADEY STREET,ANZAC AVENUE,22702
30001888,STURT STREET,GRANT STREET,MILES STREET,22767
30001889,STURT STREET,GRANT STREET,SOUTHBANK BOULEVARD,22121
30001890,STURT STREET,CITY ROAD,KAVANAGH STREET,22085
30001891,STURT STREET,KAVANAGH STREET,SOUTHBANK BOULEVARD,22086
30001892,STURT STREET,COVENTRY STREET,MILES STREET,22118
30001893,STURT STREET,MILES STREET,GRANT STREET,22767
30001894,STURT STREET,MILES STREET,SOUTHBANK BOULEVARD,16511
30001895,STURT STREET,MILES STREET,GRANT STREET,22767
30001896,STURT STREET,MILES STREET,COVENTRY STREET,22118
30001897,WADEY STREET,ST KILDA ROAD,WELLS STREET,22090
30001898,WELLS STREET,GRANT STREET,MILES STREET,22106
30001898,WELLS STREET,COVENTRY STREET,MILES STREET,22105
30001899,WELLS STREET,COVENTRY STREET,DORCAS STREET,22098
30001900,WELLS STREET,DORCAS STREET,COVENTRY STREET,22098
30001901,WELLS STREET,DORCAS STREET,COVENTRY STREET,22098
30001902,WELLS STREET,GRANT STREET,MILES STREET,22106
30001903,WELLS STREET,GRANT STREET,MILES STREET,22106
30001904,WELLS STREET,GRANT STREET,MILES STREET,22106
30001905,WHITEMAN STREET,WEST GATE FREEWAY,CLARENDON STREET,22008
30001906,WHITEMAN STREET,KINGS WAY,CLARENDON STREET,22177
30001907,WHITEMAN STREET,QUEENS BRIDGE STREET,KINGS WAY,22562
30001908,WHITEMAN STREET,WEST GATE FREEWAY,CLARENDON STREET,22008
30001909,ALEXANDRA AVENUE,WALSH STREET,ANDERSON STREET,22278
30001909,ALEXANDRA AVENUE,PUNT ROAD,WALSH STREET,22276
30001910,COMMERCIAL ROAD,PUNT ROAD,ST KILDA ROAD,22308
30001911,TOORAK ROAD,ADAMS STREET,ST KILDA ROAD,22209
30001912,TOORAK ROAD,PUNT ROAD,WALSH STREET,22221
30001913,ADDERLEY STREET,JEFFCOTT STREET,BATMAN STREET,21503
30001914,ADDERLEY STREET,LA TROBE STREET,JEFFCOTT STREET,21504
30001915,BATMAN STREET,KING STREET,SPENCER STREET,21516
30001916,ADDERLEY STREET,LA TROBE STREET,JEFFCOTT STREET,21504
30001917,BATMAN STREET,KING STREET,SPENCER STREET,21516
30001918,BATMAN STREET,KING STREET,SPENCER STREET,21516
30001919,BATMAN STREET,SPENCER STREET,ADDERLEY STREET,21494
30001920,BATMAN STREET,SPENCER STREET,ADDERLEY STREET,21494
30001921,BATMAN STREET,SPENCER STREET,ADDERLEY STREET,21494
30001922,CAPEL STREET,VICTORIA STREET,WILLIAM STREET,21392
30001923,CAPEL STREET,WILLIAM STREET,VICTORIA STREET,21392
30001924,CHETWYND STREET,STANLEY STREET,VICTORIA STREET,22661
30001925,DUDLEY STREET,ADDERLEY STREET,SPENCER STREET,21483
30001926,BATMAN STREET,KING STREET,SPENCER STREET,21516
30001927,DUDLEY STREET,KING STREET,SPENCER STREET,21413
30001928,DUDLEY STREET,KING STREET,SPENCER STREET,21413
30001930,DUDLEY STREET,SPENCER STREET,ADDERLEY STREET,21483
30001931,DUDLEY STREET,SPENCER STREET,KING STREET,21413
30001932,DUDLEY STREET,MILTON STREET,KING STREET,21411
30001934,JEFFCOTT STREET,KING STREET,SPENCER STREET,21514
30001935,JEFFCOTT STREET,SPENCER STREET,ADDERLEY STREET,21501
30001936,JEFFCOTT STREET,SPENCER STREET,ADDERLEY STREET,21501
30001937,JEFFCOTT STREET,SPENCER STREET,KING STREET,21514
30001938,JEFFCOTT STREET,SPENCER STREET,KING STREET,21514
30001939,KING STREET,BATMAN STREET,DUDLEY STREET,21518
30001940,KING STREET,JEFFCOTT STREET,LA TROBE STREET,21507
30001941,KING STREET,DUDLEY STREET ,ROSSLYN STREET,16006
30001942,KING STREET,JEFFCOTT STREET,BATMAN STREET,21515
30001943,KING STREET,JEFFCOTT STREET,LA TROBE STREET,21507
30001944,KING STREET,BATMAN STREET,DUDLEY STREET,21518
30001945,KING STREET,ROSSLYN STREET,STANLEY STREET,21427
30001946,KING STREET,STANLEY STREET,RODEN STREET,21375
30001947,LA TROBE STREET,KING STREET,SPENCER STREET,20030
30001948,LA TROBE STREET,KING STREET,WILLIAM STREET,20028
30001949,PEEL STREET,VICTORIA STREET,DUDLEY STREET,22659
30001950,RAILWAY PLACE,ABBOTSFORD STREET,ADDERLEY STREET,21549
30001954,ROSSLYN STREET,ADDERLEY STREET,RAILWAY PLACE,21490
30001956,ROSSLYN STREET,ADDERLEY STREET,RAILWAY PLACE,21490
30001957,ROSSLYN STREET,ADDERLEY STREET,RAILWAY PLACE,21490
30001958,ROSSLYN STREET,ADDERLEY STREET,SPENCER STREET,21479
30001959,ROSSLYN STREET,HOWARD STREET,KING STREET,21388
30001961,ROSSLYN STREET,WILLIAM STREET,HOWARD STREET,21387
30001962,ROSSLYN STREET,KING STREET,SPENCER STREET,21421
30001963,ROSSLYN STREET,HOWARD STREET,KING STREET,21388
30001964,ROSSLYN STREET,SPENCER STREET,ADDERLEY STREET,21479
30001965,ROSSLYN STREET,SPENCER STREET,ADDERLEY STREET,21479
30001966,HOWARD STREET,ROSSLYN STREET,WILLIAM STREET,21382
30001967,ROSSLYN STREET,WILLIAM STREET,HOWARD STREET,21387
30001968,SPENCER STREET,JEFFCOTT STREET,LA TROBE STREET,21506
30001969,SPENCER STREET,BATMAN STREET,JEFFCOTT STREET,21499
30001970,SPENCER STREET,LA TROBE STREET,JEFFCOTT STREET,21506
30001971,SPENCER STREET,JEFFCOTT STREET,BATMAN STREET,21499
30001971,SPENCER STREET,DUDLEY STREET,BATMAN STREET,21486
30001972,STANLEY STREET,KING STREET,SPENCER STREET,21429
30001973,STANLEY STREET,KING STREET,SPENCER STREET,21429
30001974,STANLEY STREET,KING STREET,SPENCER STREET,21429
30001975,STANLEY STREET,KING STREET,SPENCER STREET,21429
30001976,STANLEY STREET,SPENCER STREET,ADDERLEY STREET,21475
30001977,STANLEY STREET,SPENCER STREET,ADDERLEY STREET,21475
30001979,VICTORIA STREET,CAPEL STREET,HOWARD STREET,20951
30001980,VICTORIA STREET,CURZON STREET,ERROL STREET,20994
30001981,VICTORIA STREET OSCP,VICTORIA STREET,RODEN STREET,40023
30001982,VICTORIA STREET OSCP,VICTORIA STREET,RODEN STREET,40023
30001983,VICTORIA STREET,PEEL STREET,CAPEL STREET,20953
30001984,WALSH STREET,KING STREET,MILTON STREET,21405
30001985,WALSH STREET,MILTON STREET,KING STREET,21405
30001986,WILLIAM STREET,DUDLEY STREET,WALSH STREET,21404
30001987,WILLIAM STREET ,VICTORIA STREET,WALSH STREET,16018
30001988,WILLIAM STREET,VICTORIA STREET,ROSSLYN STREET,21384
30001990,WILLIAM STREET,A'BECKETT STREET,FRANKLIN STREET,21529
30001990,WILLIAM STREET,LA TROBE STREET,A'BECKETT STREET,21519
30001991,WILLIAM STREET,ROSSLYN STREET,CAPEL STREET,21385
30001992,WILLIAM STREET,ROSSLYN STREET,VICTORIA STREET,21384
30001993,WILLIAM STREET,FRANKLIN STREET,DUDLEY STREET,21530
30001994,LA TROBE STREET,SPENCER STREET,ADDERLEY STREET,21505
30001995,WILLIAM STREET,CAPEL STREET,ROSSLYN STREET,21385
30001996,WILLIAM STREET,CAPEL STREET,ROSSLYN STREET,21385
30002000,POPLAR ROAD OSCP,POPLAR ROAD,ELLIOTT AVENUE,40021
30002000,ELLIOTT AVENUE OSCP,ELLIOTT AVENUE,POPLAR ROAD,40022
30001674,RUSSELL STREET,LITTLE COLLINS STREET,COLLINS STREET,20148
30001543,LITTLE LONSDALE STREET,KING STREET,SPENCER STREET,20048
30001400,EXHIBITION STREET,LITTLE COLLINS STREET,COLLINS STREET,20140
30001388,ELIZABETH STREET,LITTLE LA TROBE STREET,A'BECKETT STREET,22651
30001594,QUEEN STREET,BOURKE STREET,LITTLE BOURKE STREET,20174
30001534,LITTLE COLLINS STREET,WILLIAM STREET,QUEEN STREET,20101
30001518,LITTLE BOURKE STREET,KING STREET,WILLIAM STREET,20061
30001349,LITTLE LONSDALE STREET,QUEEN STREET,WILLIAM STREET,20044
30001544,LITTLE LONSDALE STREET,QUEEN STREET,ELIZABETH STREET,20042
30001414,EXHIBITION STREET,LITTLE LONSDALE STREET,LA TROBE STREET,20145
30001001,ARGYLE PLACE NORTH,LYGON STREET,CARDIGAN STREET,20752
30001416,EXHIBITION STREET,LITTLE LONSDALE STREET,LONSDALE STREET,20144
30001531,LITTLE COLLINS STREET,SPENCER STREET,KING STREET,20105
30001525,LITTLE COLLINS STREET,ELIZABETH STREET,QUEEN STREET,20099
30001634,RUSSELL STREET,LITTLE BOURKE STREET,LONSDALE STREET,20151
30001637,RUSSELL STREET,LITTLE COLLINS STREET,BOURKE STREET,20149
30001532,LITTLE COLLINS STREET,WILLIAM STREET,KING STREET,20103
30001410,EXHIBITION STREET,LONSDALE STREET,LITTLE BOURKE STREET,20143
30001553,LITTLE LONSDALE STREET,WILLIAM STREET,QUEEN STREET,20044
30001640,RUSSELL STREET,LONSDALE STREET,LITTLE LONSDALE STREET,20152
30001274,SPRING STREET,LITTLE LONSDALE STREET,VICTORIA PARADE,21847
30001395,EXHIBITION STREET,BOURKE STREET,LITTLE BOURKE STREET,20142
30001415,EXHIBITION STREET,LONSDALE STREET,LITTLE LONSDALE STREET,20144
30001609,QUEEN STREET,LITTLE LONSDALE STREET,LA TROBE STREET,20177
30001540,LITTLE LONSDALE STREET,EXHIBITION STREET,RUSSELL STREET,20036
30001610,QUEEN STREET,LITTLE LONSDALE STREET,LA TROBE STREET,20177
30001673,SWANSTON STREET,LITTLE LA TROBE STREET,A'BECKETT STREET,22649
30001537,LITTLE LA TROBE STREET,SWANSTON STREET,ELIZABETH STREET,21644
30001276,SPRING STREET,COLLINS STREET,LITTLE COLLINS STREET,20200
30001273,SPRING STREET,LITTLE BOURKE STREET,LONSDALE STREET,20206
30001485,KING STREET,LITTLE COLLINS STREET,BOURKE STREET,20191
30001380,ELIZABETH STREET,BOURKE STREET,LITTLE COLLINS STREET,20165
30001536,LITTLE BOURKE STREET,KING STREET,WILLIAM STREET,20061
30001225,SPENCER STREET,LONSDALE STREET,LITTLE LONSDALE STREET,20077
30001481,KING STREET,LITTLE BOURKE STREET,LONSDALE STREET,20193
30001363,COLLINS STREET,KING STREET,SPENCER STREET,20120
30001516,LITTLE BOURKE STREET,EXHIBITION STREET,RUSSELL STREET,20051
30001626,RUSSELL STREET,LITTLE COLLINS STREET,BOURKE STREET,20149
30001692,WILLIAM STREET,COLLINS STREET,LITTLE COLLINS STREET,20182
30001627,RUSSELL STREET,COLLINS STREET,LITTLE COLLINS STREET,20148
30001350,CHURCH STREET,LITTLE COLLINS STREET,BOURKE STREET,20416
30001182,ADELA LANE,COLLINS STREET,COLLINS STREET,23342
30001413,EXHIBITION STREET,LITTLE COLLINS STREET,BOURKE STREET,20141
30001180,DOCKLANDS DRIVE,DOCKLANDS DRIVE,WATTLE ROAD,23256
30001515,LITTLE BOURKE STREET,ELIZABETH STREET,QUEEN STREET,20057
30001391,ELIZABETH STREET,LONSDALE STREET,LITTLE LONSDALE STREET,20168
30001484,KING STREET,LITTLE COLLINS STREET,BOURKE STREET,20191
30001595,QUEEN STREET,COLLINS STREET,LITTLE COLLINS STREET,20172
30001521,LITTLE BOURKE STREET,SPENCER STREET,KING STREET,20063
30001488,KING STREET,LITTLE LONSDALE STREET,LA TROBE STREET,20195
30001523,LITTLE BOURKE STREET,SPRING STREET,EXHIBITION STREET,20049
30001645,SPRING STREET,COLLINS STREET,LITTLE COLLINS STREET,20200
30001398,EXHIBITION STREET,BOURKE STREET,LITTLE COLLINS STREET,20141
30001475,KING STREET,COLLINS STREET,LITTLE COLLINS STREET,20190
30001482,KING STREET,LITTLE BOURKE STREET,BOURKE STREET,20192
30001551,LITTLE LONSDALE STREET,SWANSTON STREET,RUSSELL STREET,20038
30001638,RUSSELL STREET,BOURKE STREET,LITTLE COLLINS STREET,20149
30001612,QUEEN STREET,LONSDALE STREET,LITTLE BOURKE STREET,20175
30001542,LITTLE LONSDALE STREET,KING STREET,WILLIAM STREET,20046
30001552,LITTLE LONSDALE STREET,WILLIAM STREET,KING STREET,20046
30001528,LITTLE COLLINS STREET,QUEEN STREET,WILLIAM STREET,20101
30001557,LONSDALE STREET,SWANSTON STREET,RUSSELL STREET,20005
30001491,KING STREET,LITTLE LONSDALE STREET,LONSDALE STREET,20194
30001699,WILLIAM STREET,LA TROBE STREET,LITTLE LONSDALE STREET,20187
30001490,KING STREET,LONSDALE STREET,LITTLE LONSDALE STREET,20194
30001633,RUSSELL STREET,LITTLE BOURKE STREET,LONSDALE STREET,20151
30001510,EXHIBITION STREET,BOURKE STREET,LITTLE COLLINS STREET,20141
30001546,LITTLE LONSDALE STREET,QUEEN STREET,WILLIAM STREET,20044
30001780,RUSSELL STREET,LITTLE LONSDALE STREET,LA TROBE STREET,20153
30001412,EXHIBITION STREET,LITTLE LONSDALE STREET,LONSDALE STREET,20144
30001406,EXHIBITION STREET,LA TROBE STREET,LITTLE LONSDALE STREET,20145
30001702,WILLIAM STREET,LITTLE BOURKE STREET,BOURKE STREET,20184
30001622,KING STREET,LITTLE LONSDALE STREET,LONSDALE STREET,20194
30001392,ELIZABETH STREET,PELHAM STREET,QUEENSBERRY STREET,21115
30001548,LITTLE LONSDALE STREET,SPRING STREET,EXHIBITION STREET,20034
30001541,LITTLE LONSDALE STREET,EXHIBITION STREET,SPRING STREET,20034
30001606,QUEEN STREET,LITTLE BOURKE STREET,LONSDALE STREET,20175
30001486,KING STREET,LITTLE COLLINS STREET,BOURKE STREET,20191
30001549,LITTLE LONSDALE STREET,SPRING STREET,EXHIBITION STREET,20034
30001700,WILLIAM STREET,LITTLE BOURKE STREET,LONSDALE STREET,20185
30001701,WILLIAM STREET,LITTLE BOURKE STREET,LONSDALE STREET,20185
30001379,ELIZABETH STREET,BOURKE STREET,LITTLE BOURKE STREET,20166
30001397,EXHIBITION STREET,BOURKE STREET,LITTLE BOURKE STREET,20142
30001411,EXHIBITION STREET,LONSDALE STREET,LITTLE LONSDALE STREET,20144
30001649,SPRING STREET,LONSDALE STREET,LITTLE LONSDALE STREET,21848
30001693,WILLIAM STREET,COLLINS STREET,LITTLE COLLINS STREET,20182
30001605,QUEEN STREET,LITTLE BOURKE STREET,LONSDALE STREET,20175
30001399,EXHIBITION STREET,COLLINS STREET,LITTLE COLLINS STREET,20140
30001705,WILLIAM STREET,LONSDALE STREET,LITTLE LONSDALE STREET,20186
30001530,LITTLE COLLINS STREET,QUEEN STREET,WILLIAM STREET,20101
30001607,QUEEN STREET,LITTLE COLLINS STREET,BOURKE STREET,20173
30001396,EXHIBITION STREET,LITTLE BOURKE STREET,BOURKE STREET,20142
30001625,RUSSELL STREET,BOURKE STREET,LITTLE BOURKE STREET,20150
30001533,LITTLE COLLINS STREET,SPRING STREET,EXHIBITION STREET,20091
30001644,SPENCER STREET,LITTLE COLLINS STREET,BOURKE STREET,20073
30001704,WILLIAM STREET,LITTLE LONSDALE STREET,LA TROBE STREET,20187
30001647,SPRING STREET,LITTLE BOURKE STREET,LONSDALE STREET,20206
30001550,LITTLE LONSDALE STREET,SWANSTON STREET,RUSSELL STREET,20038
30001545,LITTLE LONSDALE STREET,QUEEN STREET,WILLIAM STREET,20044
30001527,LITTLE LONSDALE STREET,WILLIAM STREET,KING STREET,20046
30001649,SPRING STREET,LITTLE LONSDALE STREET,VICTORIA PARADE,21847
30001613,QUEEN STREET,LONSDALE STREET,LITTLE LONSDALE STREET,20176
30001611,QUEEN STREET,LONSDALE STREET,LITTLE LONSDALE STREET,20176
30001696,WILLIAM STREET,COLLINS STREET,LITTLE COLLINS STREET,20182
30001362,COLLINS STREET,KING STREET,WILLIAM STREET,20118
30001635,RUSSELL STREET,LA TROBE STREET,LITTLE LONSDALE STREET,20153
30001470,KING STREET,BOURKE STREET,LITTLE BOURKE STREET,20192
30001489,KING STREET,LA TROBE STREET,LITTLE LONSDALE STREET,20195
30001646,SPRING STREET,LITTLE BOURKE STREET,BOURKE STREET,20204
30001614,QUEEN STREET,LONSDALE STREET,LITTLE LONSDALE STREET,20176
30001471,KING STREET,LITTLE BOURKE STREET,BOURKE STREET,20192
30001703,WILLIAM STREET,LITTLE LONSDALE STREET,LA TROBE STREET,20187
30001409,EXHIBITION STREET,LITTLE BOURKE STREET,LONSDALE STREET,20143
30001630,RUSSELL STREET,BOURKE STREET,LITTLE COLLINS STREET,20149
30001517,LITTLE BOURKE STREET,KING STREET,SPENCER STREET,20063
30001642,SPENCER STREET,BOURKE STREET,LITTLE BOURKE STREET,20075
30001275,SPRING STREET,LITTLE LONSDALE STREET,LONSDALE STREET,21848
30001529,LITTLE COLLINS STREET,RUSSELL STREET,EXHIBITION STREET,20093
30001390,ELIZABETH STREET,LITTLE LONSDALE STREET,LA TROBE STREET,20169
30001535,LITTLE COLLINS STREET,WILLIAM STREET,KING STREET,20103
30001624,KING STREET,LITTLE LONSDALE STREET,LA TROBE STREET,20195
30001210,LITTLE DOCKLANDS DRIVE,FOOTSCRAY ROAD,WATERFRONT WAY,23226
30001487,KING STREET,LITTLE COLLINS STREET,COLLINS STREET,20190
30001628,RUSSELL STREET,COLLINS STREET,LITTLE COLLINS STREET,20148
30001608,QUEEN STREET,LITTLE COLLINS STREET,BOURKE STREET,20173
30001629,RUSSELL STREET,LITTLE COLLINS STREET,BOURKE STREET,20149
30001639,RUSSELL STREET,LONSDALE STREET,LITTLE LONSDALE STREET,20152
30001689,WILLIAM STREET,BOURKE STREET,LITTLE BOURKE STREET,20184
30001405,EXHIBITION STREET,LITTLE COLLINS STREET,COLLINS STREET,20140
30001538,LITTLE LONSDALE STREET,RUSSELL STREET,SWANSTON STREET,20038
30001691,WILLIAM STREET,COLLINS STREET,LITTLE COLLINS STREET,20182
30001477,KING STREET,COLLINS STREET,LITTLE COLLINS STREET,20190
30001519,LITTLE BOURKE STREET,QUEEN STREET,WILLIAM STREET,20059
30001472,KING STREET,LITTLE COLLINS STREET,BOURKE STREET,20191
30001615,QUEEN STREET,LITTLE LONSDALE STREET,LA TROBE STREET,20177
